CountryCode;TemperatureAvg;Month;Year
CMR;24,8252173905393;11;2019
CMR;24,4911387696644;12;2019
CMR;24,6505686893345;1;2020
CMR;26,3083549408696;2;2020
CMR;27,5859123017624;3;2020
CMR;26,9859365717704;4;2020
CMR;26,2301634566858;5;2020
CMR;24,749462422603;6;2020
CMR;23,6499358081203;7;2020
CMR;23,9011859532004;8;2020
CMR;23,51548785737;9;2020
CMR;24,2336126036701;10;2020
COD;24,3190966180383;11;2019
COD;24,0963327602849;12;2019
COD;25,0735953169227;1;2020
COD;25,6339821928667;2;2020
COD;25,3055877518241;3;2020
COD;25,0861970968246;4;2020
COD;25,1437412892232;5;2020
COD;24,6505656950982;6;2020
COD;24,0828581940323;7;2020
COD;24,7615203955341;8;2020
COD;24,6393287044641;9;2020
COD;24,6053431737372;10;2020
COG;24,6070020435352;11;2019
COG;24,5652351281745;12;2019
COG;25,3255051673408;1;2020
COG;25,8709302297866;2;2020
COG;25,7114450416965;3;2020
COG;25,4346548675643;4;2020
COG;25,5176471857246;5;2020
COG;24,6830699055856;6;2020
COG;24,0905488043338;7;2020
COG;24,7186246020252;8;2020
COG;24,6208885992942;9;2020
COG;24,7194141590128;10;2020
GMB;28,3828255293829;11;2019
GMB;25,7332667042406;12;2019
GMB;25,473755840497;1;2020
GMB;28,8431019840504;2;2020
GMB;29,5616402404711;3;2020
GMB;30,9327621727058;4;2020
GMB;29,9139704455283;5;2020
GMB;30,2285194904067;6;2020
GMB;28,2095481309309;7;2020
GMB;27,537563318809;8;2020
GMB;27,3600061902784;9;2020
GMB;28,6854047139566;10;2020
COL;24,2727155205569;11;2019
COL;24,4411276046826;12;2019
COL;25,1296849897969;1;2020
COL;25,7989104457755;2;2020
COL;25,7591606916991;3;2020
COL;24,9453516080961;4;2020
COL;24,4949110159146;5;2020
COL;23,9892118575974;6;2020
COL;23,7366137658159;7;2020
COL;23,9759692290612;8;2020
COL;24,1467653060609;9;2020
COL;24,3726518889233;10;2020
SEN;28,9714009225002;11;2019
SEN;26,4705474740995;12;2019
SEN;25,846163207298;1;2020
SEN;29,6779713117222;2;2020
SEN;30,5435438926296;3;2020
SEN;32,6507098272376;4;2020
SEN;32,8169541098335;5;2020
SEN;31,6143141768556;6;2020
SEN;29,0710869898785;7;2020
SEN;28,5919569817511;8;2020
SEN;27,9498299700616;9;2020
SEN;29,2659742774536;10;2020
TTO;26,6702561204724;11;2019
TTO;26,2970719185994;12;2019
TTO;25,7088874494725;1;2020
TTO;25,830455644361;2;2020
TTO;26,0384461685939;3;2020
TTO;26,8510397734584;4;2020
TTO;27,3556213707412;5;2020
TTO;26,9366967824476;6;2020
TTO;26,7287651290113;7;2020
TTO;26,9949200002417;8;2020
TTO;27,5580911824592;9;2020
TTO;27,0951780003261;10;2020
RUS;-15,3427102511057;11;2019
RUS;-20,4732931677401;12;2019
RUS;-19,3395533151853;1;2020
RUS;-16,5647255097159;2;2020
RUS;-10,4835109769279;3;2020
RUS;-1,95634974658681;4;2020
RUS;6,29395331999445;5;2020
RUS;13,555170094798;6;2020
RUS;15,9655829231413;7;2020
RUS;13,2292586086762;8;2020
RUS;8,12202805244454;9;2020
RUS;-2,11772579906137;10;2020
ARE;24,0761974531946;11;2019
ARE;21,496092582612;12;2019
ARE;18,3191587997481;1;2020
ARE;20,3145084707861;2;2020
ARE;23,2382825073661;3;2020
ARE;29,8738682651372;4;2020
ARE;33,2699193945584;5;2020
ARE;35,3041456362692;6;2020
ARE;37,4122693525069;7;2020
ARE;36,3695051032756;8;2020
ARE;33,7750568774488;9;2020
ARE;29,2697604673593;10;2020
RWA;19,5038907861956;11;2019
RWA;19,6758596643023;12;2019
RWA;20,2113810207092;1;2020
RWA;20,5229353404579;2;2020
RWA;20,3075949125464;3;2020
RWA;19,9853768464234;4;2020
RWA;20,3120141227556;5;2020
RWA;20,2672936368343;6;2020
RWA;20,2194989177239;7;2020
RWA;21,3418822410739;8;2020
RWA;20,5904445671714;9;2020
RWA;19,8541619208441;10;2020
TUN;15,1257371772125;11;2019
TUN;13,7389926665247;12;2019
TUN;11,2236199204972;1;2020
TUN;13,6950812183688;2;2020
TUN;15,2349945111219;3;2020
TUN;19,4424522815203;4;2020
TUN;24,8775016526725;5;2020
TUN;27,4645293696086;6;2020
TUN;29,7732298666379;7;2020
TUN;31,055576897233;8;2020
TUN;26,5946188661618;9;2020
TUN;21,1884152858331;10;2020
ARG;19,015024525628;11;2019
ARG;20,4902191714993;12;2019
ARG;21,6272550664338;1;2020
ARG;20,2494976804819;2;2020
ARG;20,2683364135397;3;2020
ARG;15,0872762388855;4;2020
ARG;11,2673896964837;5;2020
ARG;7,99472536530839;6;2020
ARG;5,97473220347841;7;2020
ARG;9,67729049831283;8;2020
ARG;12,3328120640664;9;2020
ARG;15,5068817384431;10;2020
TUR;8,79527262935697;11;2019
TUR;3,82891305479314;12;2019
TUR;0,257292438756113;1;2020
TUR;2,14134786914701;2;2020
TUR;7,31065812258179;3;2020
TUR;10,1540166665765;4;2020
TUR;15,6722793578322;5;2020
TUR;19,9006948954407;6;2020
TUR;24,2880524348561;7;2020
TUR;23,1918281789797;8;2020
TUR;22,0833625017714;9;2020
TUR;16,4126452857036;10;2020
CPV;23,3104753863869;11;2019
CPV;21,6610283759113;12;2019
CPV;20,697525622304;1;2020
CPV;21,0013065723895;2;2020
CPV;20,718435220167;3;2020
CPV;21,4479040210866;4;2020
CPV;21,7007917990149;5;2020
CPV;23,0539978493958;6;2020
CPV;23,8919598467745;7;2020
CPV;24,9768918113656;8;2020
CPV;25,4823943617267;9;2020
CPV;25,278835554165;10;2020
IND;21,1552487819881;11;2019
IND;16,3929900225683;12;2019
IND;16,1306342291297;1;2020
IND;18,8020686277853;2;2020
IND;22,5994981260506;3;2020
IND;26,922628108067;4;2020
IND;29,1817208200541;5;2020
IND;27,8209179437731;6;2020
IND;27,2755990967894;7;2020
IND;26,5843283513441;8;2020
IND;26,6698672752961;9;2020
IND;24,9603149677401;10;2020
NZL;13,1526501142751;11;2019
NZL;13,5906565516532;12;2019
NZL;15,3686880659028;1;2020
NZL;16,1732918694189;2;2020
NZL;13,0097233446249;3;2020
NZL;11,0699581219162;4;2020
NZL;8,76465326166969;5;2020
NZL;7,18789831369162;6;2020
NZL;6,01973753322386;7;2020
NZL;7,54817853745799;8;2020
NZL;7,98830278638871;9;2020
NZL;10,7598167077029;10;2020
UGA;22,8134190632252;11;2019
UGA;22,7763293930918;12;2019
UGA;24,18921398264;1;2020
UGA;24,5843658061097;2;2020
UGA;23,9788923461175;3;2020
UGA;23,5404742970158;4;2020
UGA;23,0653544801657;5;2020
UGA;22,8682251841242;6;2020
UGA;22,3051141475915;7;2020
UGA;22,6179301216971;8;2020
UGA;22,3973695980417;9;2020
UGA;22,4176471109441;10;2020
CRI;22,9530330159074;11;2019
CRI;22,8695290637277;12;2019
CRI;22,8935446682456;1;2020
CRI;23,2950842574639;2;2020
CRI;23,5228336324301;3;2020
CRI;24,1978018062194;4;2020
CRI;24,2076984399728;5;2020
CRI;23,487222234741;6;2020
CRI;23,461234853732;7;2020
CRI;23,3234237532215;8;2020
CRI;23,2157694517636;9;2020
CRI;23,0844378029591;10;2020
MLI;27,8008123556604;11;2019
MLI;23,0055991045287;12;2019
MLI;20,7580721314813;1;2020
MLI;24,1080498359243;2;2020
MLI;28,7501241296872;3;2020
MLI;34,1700874639721;4;2020
MLI;35,0831854014015;5;2020
MLI;36,6634044716878;6;2020
MLI;33,8847816377798;7;2020
MLI;32,1705087357374;8;2020
MLI;33,2555874447872;9;2020
MLI;31,6441002455898;10;2020
BDI;20,5706931564031;11;2019
BDI;20,5387763512712;12;2019
BDI;21,1410068073314;1;2020
BDI;21,4605375158948;2;2020
BDI;21,2747515299377;3;2020
BDI;20,7521760279785;4;2020
BDI;21,1925625287849;5;2020
BDI;21,0714860356796;6;2020
BDI;20,7872233249255;7;2020
BDI;22,6223951358432;8;2020
BDI;22,5471461005492;9;2020
BDI;21,7334735332981;10;2020
YEM;23,0419029854437;11;2019
YEM;20,9434884185855;12;2019
YEM;19,5409684670778;1;2020
YEM;21,8444107976111;2;2020
YEM;23,9678791964526;3;2020
YEM;26,8863324739983;4;2020
YEM;29,7546835493543;5;2020
YEM;30,4632859660352;6;2020
YEM;30,0172523406096;7;2020
YEM;30,6702542500484;8;2020
YEM;28,9382383098389;9;2020
YEM;25,3209123730312;10;2020
BEL;6,07253040789128;11;2019
BEL;5,45054961076426;12;2019
BEL;5,27063059588123;1;2020
BEL;6,49886452567066;2;2020
BEL;6,5605367542734;3;2020
BEL;11,8068498840369;4;2020
BEL;13,2896275770252;5;2020
BEL;16,8168694603267;6;2020
BEL;17,3057106603106;7;2020
BEL;20,3082071668249;8;2020
BEL;15,847199961516;9;2020
BEL;10,9782937500811;10;2020
BEN;28,093179056358;11;2019
BEN;26,7793396624215;12;2019
BEN;26,5891285508839;1;2020
BEN;28,7896244929387;2;2020
BEN;31,4216422133689;3;2020
BEN;30,8495815653197;4;2020
BEN;29,6467291901197;5;2020
BEN;27,4803922956969;6;2020
BEN;25,8741959097584;7;2020
BEN;25,6387943635653;8;2020
BEN;25,6773636701032;9;2020
BEN;26,9499134003336;10;2020
MNG;-9,32118370453316;11;2019
MNG;-16,1375832140522;12;2019
MNG;-17,199070348269;1;2020
MNG;-12,049508057169;2;2020
MNG;-4,55744456748675;3;2020
MNG;6,80107007586312;4;2020
MNG;12,2420424052182;5;2020
MNG;17,3992144261548;6;2020
MNG;19,6623425452144;7;2020
MNG;16,6447022414835;8;2020
MNG;10,9634467072262;9;2020
MNG;-0,149084494912884;10;2020
GRC;14,3057939781974;11;2019
GRC;8,75639234493703;12;2019
GRC;5,94941929117748;1;2020
GRC;8,3840005356064;2;2020
GRC;10,3503867690149;3;2020
GRC;12,3094423073861;4;2020
GRC;17,9366270014967;5;2020
GRC;21,071688596745;6;2020
GRC;24,8139972270889;7;2020
GRC;24,8404414230221;8;2020
GRC;22,3841310501947;9;2020
GRC;17,1967553694012;10;2020
BFA;29,8420127356782;11;2019
BFA;26,6588586378146;12;2019
BFA;25,7314884874895;1;2020
BFA;28,0019520660529;2;2020
BFA;33,1027276440354;3;2020
BFA;34,5228127183065;4;2020
BFA;33,3521525907094;5;2020
BFA;30,7930675923122;6;2020
BFA;28,0699949396407;7;2020
BFA;26,684895472437;8;2020
BFA;27,3295118325676;9;2020
BFA;28,8651857568059;10;2020
AUS;26,2207793890061;11;2019
AUS;30,3089418648222;12;2019
AUS;28,6688847588729;1;2020
AUS;27,7739257072877;2;2020
AUS;25,7199823453268;3;2020
AUS;23,2400738148855;4;2020
AUS;17,0120449969852;5;2020
AUS;15,6152914427509;6;2020
AUS;14,7035630588679;7;2020
AUS;16,9082321744536;8;2020
AUS;21,4517694885755;9;2020
AUS;23,2759843105752;10;2020
AUT;3,76822155077257;11;2019
AUT;0,0328406128518998;12;2019
AUT;-1,47399973042063;1;2020
AUT;1,84183524903241;2;2020
AUT;2,80474570923628;3;2020
AUT;8,58966432133231;4;2020
AUT;10,2997829111832;5;2020
AUT;14,5479137141951;6;2020
AUT;16,7107191081952;7;2020
AUT;17,4359248697564;8;2020
AUT;13,1974654833958;9;2020
AUT;7,11636087074065;10;2020
KOR;8,27347490698151;11;2019
KOR;2,23924194671196;12;2019
KOR;2,3621210615328;1;2020
KOR;3,17433152435193;2;2020
KOR;7,58233257832395;3;2020
KOR;10,5103256619627;4;2020
KOR;17,335742322851;5;2020
KOR;22,5104210167863;6;2020
KOR;22,4906987407343;7;2020
KOR;26,2533017485154;8;2020
KOR;20,0223280043603;9;2020
KOR;13,6240806843259;10;2020
ESP;9,11038976520731;11;2019
ESP;8,48362987157279;12;2019
ESP;6,328073775814;1;2020
ESP;9,85186607354061;2;2020
ESP;9,94235193924816;3;2020
ESP;12,813310094121;4;2020
ESP;17,7819952289896;5;2020
ESP;19,0893334018963;6;2020
ESP;23,4856509364233;7;2020
ESP;23,5336923066165;8;2020
ESP;19,0987544065113;9;2020
ESP;13,5780752142736;10;2020
TZA;24,1108155685214;11;2019
TZA;23,0077337897747;12;2019
TZA;23,3246311553834;1;2020
TZA;23,5969418234543;2;2020
TZA;23,1560397339559;3;2020
TZA;22,8118212194599;4;2020
TZA;22,3727455458501;5;2020
TZA;21,7140579200081;6;2020
TZA;20,9109127087755;7;2020
TZA;22,1607410128414;8;2020
TZA;23,2009254516712;9;2020
TZA;24,4393999170882;10;2020
OMN;24,8996217711592;11;2019
OMN;22,3972960785315;12;2019
OMN;19,7551287393692;1;2020
OMN;21,7016304243835;2;2020
OMN;24,1027500950053;3;2020
OMN;30,0783074964061;4;2020
OMN;32,8619096109512;5;2020
OMN;34,5218832667062;6;2020
OMN;33,1989721232163;7;2020
OMN;33,9586829033729;8;2020
OMN;31,1982011970548;9;2020
OMN;27,9766334604273;10;2020
EST;2,96485385852576;11;2019
EST;2,28096376488079;12;2019
EST;2,80616206730175;1;2020
EST;1,35901311293713;2;2020
EST;2,18663031184402;3;2020
EST;4,75359100722027;4;2020
EST;9,19523093842479;5;2020
EST;17,6822006268982;6;2020
EST;16,266242616019;7;2020
EST;16,6914397740803;8;2020
EST;13,808971316395;9;2020
EST;9,18485364815298;10;2020
JAM;26,4673805049496;11;2019
JAM;25,9041048888398;12;2019
JAM;25,338425300904;1;2020
JAM;25,4915325438675;2;2020
JAM;25,3657335010665;3;2020
JAM;26,8062547961583;4;2020
JAM;27,3137917074282;5;2020
JAM;27,73223355519;6;2020
JAM;28,2166106950947;7;2020
JAM;28,1404004865929;8;2020
JAM;27,1610804913829;9;2020
JAM;26,3444595952314;10;2020
ETH;22,478477484841;11;2019
ETH;22,4254788880889;12;2019
ETH;23,063780941696;1;2020
ETH;24,657069973033;2;2020
ETH;25,5327605998905;3;2020
ETH;25,0683949281527;4;2020
ETH;24,6796548896111;5;2020
ETH;24,3215088522406;6;2020
ETH;22,5658049742609;7;2020
ETH;22,5538648352745;8;2020
ETH;23,6246562827053;9;2020
ETH;23,6140755094805;10;2020
BGD;23,9963793316285;11;2019
BGD;18,5503898681171;12;2019
BGD;17,6618351687426;1;2020
BGD;19,9214189952038;2;2020
BGD;24,8848465050829;3;2020
BGD;26,9228309813826;4;2020
BGD;28,0761590171388;5;2020
BGD;28,8410208220732;6;2020
BGD;28,9269910899809;7;2020
BGD;29,2637342251926;8;2020
BGD;28,9217743967049;9;2020
BGD;28,4873407234425;10;2020
ZWE;26,466897799724;11;2019
ZWE;26,0009558212908;12;2019
ZWE;24,8764386545804;1;2020
ZWE;23,6201191714559;2;2020
ZWE;23,0928193534246;3;2020
ZWE;22,3793698047686;4;2020
ZWE;19,2393038979366;5;2020
ZWE;16,6147002548583;6;2020
ZWE;15,9491920392789;7;2020
ZWE;19,554225499572;8;2020
ZWE;22,3206722346395;9;2020
ZWE;24,3823170681158;10;2020
SLE;26,0517397331915;11;2019
SLE;26,8023344428577;12;2019
SLE;27,3723302264909;1;2020
SLE;28,8755953452298;2;2020
SLE;28,9332119809302;3;2020
SLE;27,9120262580864;4;2020
SLE;26,897584763034;5;2020
SLE;25,6802350352929;6;2020
SLE;24,2946367578352;7;2020
SLE;24,1265044879082;8;2020
SLE;24,7292594593733;9;2020
SLE;25,5659146070511;10;2020
DEU;5,32982210496042;11;2019
DEU;3,85985559934787;12;2019
DEU;3,57711241295269;1;2020
DEU;5,36216946741723;2;2020
DEU;5,38592226168312;3;2020
DEU;10,5346877505758;4;2020
DEU;12,0461995095618;5;2020
DEU;17,0586610528342;6;2020
DEU;17,8168778981078;7;2020
DEU;20,1338950784621;8;2020
DEU;14,9931688593945;9;2020
DEU;10,2899542376672;10;2020
IRL;6,63786556709484;11;2019
IRL;6,52696442242916;12;2019
IRL;6,45211009400353;1;2020
IRL;5,92563305001947;2;2020
IRL;6,35846050086805;3;2020
IRL;9,6104270666426;4;2020
IRL;11,9371949317553;5;2020
IRL;13,3938518953831;6;2020
IRL;14,0384898766801;7;2020
IRL;15,273611391404;8;2020
IRL;13,2249331251305;9;2020
IRL;9,80758233915022;10;2020
IRN;10,3361727236211;11;2019
IRN;8,54280019926082;12;2019
IRN;4,89127424151656;1;2020
IRN;9,00956914727006;2;2020
IRN;12,4910497140276;3;2020
IRN;17,3031764159748;4;2020
IRN;24,2067705041857;5;2020
IRN;29,5056823554108;6;2020
IRN;30,4945983194308;7;2020
IRN;29,0550676350788;8;2020
IRN;24,7531247697898;9;2020
IRN;17,8834988025549;10;2020
IRQ;17,0476662288172;11;2019
IRQ;12,1202720279195;12;2019
IRQ;9,89897237655337;1;2020
IRQ;11,7485714511739;2;2020
IRQ;17,245712301101;3;2020
IRQ;22,6536024955375;4;2020
IRQ;28,9427409878088;5;2020
IRQ;33,252736538509;6;2020
IRQ;37,721992795665;7;2020
IRQ;34,6471963712317;8;2020
IRQ;33,7742307862576;9;2020
IRQ;25,6505294025883;10;2020
MOZ;27,6338810468626;11;2019
MOZ;26,8074862869897;12;2019
MOZ;26,071081565987;1;2020
MOZ;26,2332551488967;2;2020
MOZ;25,6400663443686;3;2020
MOZ;25,2020880310914;4;2020
MOZ;22,6786280305262;5;2020
MOZ;20,7880475214049;6;2020
MOZ;19,9949743433909;7;2020
MOZ;22,0504701812749;8;2020
MOZ;23,9888489533591;9;2020
MOZ;25,7841696402598;10;2020
BGR;10,7431285270446;11;2019
BGR;4,02064093251323;12;2019
BGR;1,72748686776661;1;2020
BGR;4,7824317538815;2;2020
BGR;7,18871440264085;3;2020
BGR;9,94481900877868;4;2020
BGR;15,3573874378395;5;2020
BGR;19,1687848624996;6;2020
BGR;22,2867510462264;7;2020
BGR;22,7097627330102;8;2020
BGR;19,6835657890231;9;2020
BGR;14,1222836071999;10;2020
LAO;22,0876641852804;11;2019
LAO;18,9170596898545;12;2019
LAO;20,6945426663714;1;2020
LAO;21,3272155869013;2;2020
LAO;24,8958292378289;3;2020
LAO;24,7441510555399;4;2020
LAO;27,1773479153267;5;2020
LAO;26,3036519104522;6;2020
LAO;26,1527156004085;7;2020
LAO;25,0395869998879;8;2020
LAO;25,5157493255683;9;2020
LAO;22,8294906234061;10;2020
GTM;22,5740926587977;11;2019
GTM;21,5855340497286;12;2019
GTM;21,909221417579;1;2020
GTM;23,0647813692445;2;2020
GTM;23,9312095702559;3;2020
GTM;26,9083665852569;4;2020
GTM;26,127489425801;5;2020
GTM;24,5152424096269;6;2020
GTM;24,6872071461432;7;2020
GTM;24,5396027527698;8;2020
GTM;24,1843938664788;9;2020
GTM;23,3873002340841;10;2020
UKR;5,48481758694172;11;2019
UKR;2,57765555778913;12;2019
UKR;0,490525064291463;1;2020
UKR;1,77875095238345;2;2020
UKR;6,11851299318291;3;2020
UKR;8,98591395005858;4;2020
UKR;12,9354218871629;5;2020
UKR;21,118155839955;6;2020
UKR;21,6640812315279;7;2020
UKR;21,1525495558723;8;2020
UKR;17,8263119539297;9;2020
UKR;12,8916454357978;10;2020
SLV;26,1800956999305;11;2019
SLV;25,964358915574;12;2019
SLV;26,4056276875143;1;2020
SLV;27,2265068118942;2;2020
SLV;27,884562395399;3;2020
SLV;28,119884232033;4;2020
SLV;27,2000869066397;5;2020
SLV;25,9878390875543;6;2020
SLV;26,4946250691081;7;2020
SLV;26,2377368973357;8;2020
SLV;25,6556366542846;9;2020
SLV;25,5348550035244;10;2020
ISL;-1,75388698749629;11;2019
ISL;-2,40681432580026;12;2019
ISL;-2,70409015534146;1;2020
ISL;-3,31203864900683;2;2020
ISL;-3,55735083457793;3;2020
ISL;-0,0519062539789291;4;2020
ISL;2,83500462537882;5;2020
ISL;7,30170524680462;6;2020
ISL;7,51101679148592;7;2020
ISL;8,70302488990108;8;2020
ISL;4,07195788878369;9;2020
ISL;2,19260718744781;10;2020
ITA;10,1573011995636;11;2019
ITA;7,0381781309671;12;2019
ITA;5,29675362415803;1;2020
ITA;7,69877796076661;2;2020
ITA;8,10332874423462;3;2020
ITA;12,0086640272902;4;2020
ITA;16,5236541767334;5;2020
ITA;19,1005686482009;6;2020
ITA;22,6161569925283;7;2020
ITA;23,2895494319851;8;2020
ITA;19,3542586212033;9;2020
ITA;13,0729322797372;10;2020
LBN;14,5661366639653;11;2019
LBN;8,89266620183287;12;2019
LBN;6,38670447877531;1;2020
LBN;7,51891093786205;2;2020
LBN;10,9883091832551;3;2020
LBN;13,4944336859144;4;2020
LBN;18,6026323911557;5;2020
LBN;21,1881705816234;6;2020
LBN;25,1195564247288;7;2020
LBN;24,6994192280465;8;2020
LBN;25,6268608171147;9;2020
LBN;21,0642384729809;10;2020
ISR;19,4864482417274;11;2019
ISR;13,7304730924437;12;2019
ISR;11,2443621856549;1;2020
ISR;12,7449542479551;2;2020
ISR;15,7699216492385;3;2020
ISR;18,5006092793763;4;2020
ISR;23,5008645722047;5;2020
ISR;25,0836263243323;6;2020
ISR;27,730255892889;7;2020
ISR;27,8886239348357;8;2020
ISR;28,6362275458466;9;2020
ISR;25,0046307605795;10;2020
BHR;25,1284603639821;11;2019
BHR;20,6918550408529;12;2019
BHR;17,6678373359523;1;2020
BHR;17,7168329274022;2;2020
BHR;20,8166206797954;3;2020
BHR;24,8799883973689;4;2020
BHR;28,6036533475568;5;2020
BHR;32,3436501615613;6;2020
BHR;34,182618027312;7;2020
BHR;34,2904083285017;8;2020
BHR;33,1195266960898;9;2020
BHR;29,4700167402279;10;2020
LBR;25,9102616521305;11;2019
LBR;25,8871713810816;12;2019
LBR;26,2985491397001;1;2020
LBR;27,5756773677293;2;2020
LBR;27,0740539807029;3;2020
LBR;26,723053428391;4;2020
LBR;26,3384798100392;5;2020
LBR;25,4064795964748;6;2020
LBR;24,2706479921738;7;2020
LBR;24,1572265205611;8;2020
LBR;24,627036368578;9;2020
LBR;25,3343245124326;10;2020
BIH;9,56870840695282;11;2019
BIH;3,64469601271219;12;2019
BIH;0,926787744671112;1;2020
BIH;4,96400633362265;2;2020
BIH;6,0525432035153;3;2020
BIH;10,467100432692;4;2020
BIH;13,5844903049765;5;2020
BIH;17,4365599977937;6;2020
BIH;19,8234074550457;7;2020
BIH;20,9902828317121;8;2020
BIH;17,0616175659145;9;2020
BIH;11,3211231100361;10;2020
LBY;19,550096922636;11;2019
LBY;13,926227051834;12;2019
LBY;10,9082215264091;1;2020
LBY;13,8471837667651;2;2020
LBY;18,9077970419144;3;2020
LBY;23,4193961177973;4;2020
LBY;27,3360091748391;5;2020
LBY;30,3069325091325;6;2020
LBY;29,8480413936479;7;2020
LBY;30,9406598622915;8;2020
LBY;29,2459982906811;9;2020
LBY;24,7147457023023;10;2020
GUY;26,1290573857687;11;2019
GUY;25,2771637690854;12;2019
GUY;25,0396533964948;1;2020
GUY;25,053015511009;2;2020
GUY;25,8673469504689;3;2020
GUY;26,0510628924008;4;2020
GUY;25,5131748847741;5;2020
GUY;25,0914429948976;6;2020
GUY;25,3427436439059;7;2020
GUY;25,6971645385489;8;2020
GUY;26,6737283770731;9;2020
GUY;26,8913004431191;10;2020
AZE;6,24715585345023;11;2019
AZE;4,44310091265177;12;2019
AZE;0,980682269524031;1;2020
AZE;3,29918744699357;2;2020
AZE;7,91590123738262;3;2020
AZE;9,15068024875346;4;2020
AZE;17,2105676757959;5;2020
AZE;23,1928392849866;6;2020
AZE;25,0569807477236;7;2020
AZE;21,6722188667619;8;2020
AZE;20,2670197053371;9;2020
AZE;14,2852941297584;10;2020
PAK;13,980403446755;11;2019
PAK;8,87041278997417;12;2019
PAK;7,20369303161461;1;2020
PAK;12,341101462298;2;2020
PAK;15,2184853840167;3;2020
PAK;21,9198069129286;4;2020
PAK;26,4064466723423;5;2020
PAK;29,0898092986267;6;2020
PAK;29,5342853358709;7;2020
PAK;28,5837746018655;8;2020
PAK;25,8872726668534;9;2020
PAK;20,6021753024771;10;2020
PAN;25,0473941892565;11;2019
PAN;25,2553564721234;12;2019
PAN;25,3197625225107;1;2020
PAN;25,6792472298814;2;2020
PAN;25,7490974299953;3;2020
PAN;26,0444583486922;4;2020
PAN;26,0168565304318;5;2020
PAN;25,4272765411963;6;2020
PAN;25,2431041600701;7;2020
PAN;25,2461948768893;8;2020
PAN;25,0847379059881;9;2020
PAN;25,0611918386084;10;2020
MRT;23,8705150662461;11;2019
MRT;20,7173239999343;12;2019
MRT;18,7757063325715;1;2020
MRT;24,3718442283689;2;2020
MRT;24,5360414515219;3;2020
MRT;28,7643579733856;4;2020
MRT;32,2990813616234;5;2020
MRT;35,1666713161872;6;2020
MRT;34,6237900201299;7;2020
MRT;34,0622108498262;8;2020
MRT;32,9395297902242;9;2020
MRT;30,0943357137843;10;2020
CYP;18,8779742151859;11;2019
CYP;13,6159772716136;12;2019
CYP;11,1115739254109;1;2020
CYP;11,5551473466702;2;2020
CYP;13,8347488981931;3;2020
CYP;16,4550331289306;4;2020
CYP;21,4212262782865;5;2020
CYP;23,3108229218687;6;2020
CYP;27,6822095910235;7;2020
CYP;28,0428171440943;8;2020
CYP;27,5586906239964;9;2020
CYP;23,7425055054302;10;2020
CZE;5,67861272807621;11;2019
CZE;2,13125070603197;12;2019
CZE;0,35914317408086;1;2020
CZE;3,92976109856591;2;2020
CZE;4,3578202763606;3;2020
CZE;9,66988737786997;4;2020
CZE;11,192828542963;5;2020
CZE;16,5683331230455;6;2020
CZE;18,0788148222206;7;2020
CZE;19,3449759473441;8;2020
CZE;14,6548811908415;9;2020
CZE;9,3091866596127;10;2020
DJI;26,0264193955959;11;2019
DJI;24,3855488057667;12;2019
DJI;23,9350150913226;1;2020
DJI;24,7642654766112;2;2020
DJI;26,4071926484775;3;2020
DJI;27,9504371229773;4;2020
DJI;31,9657424984619;5;2020
DJI;33,9679706742937;6;2020
DJI;31,8745757015142;7;2020
DJI;31,4449310269671;8;2020
DJI;32,391188990584;9;2020
DJI;29,0540637327736;10;2020
FIN;-3,47927392605193;11;2019
FIN;-2,60498937921664;12;2019
FIN;-3,51959135972814;1;2020
FIN;-4,41839866059365;2;2020
FIN;-2,35347494510839;3;2020
FIN;0,366372923356547;4;2020
FIN;6,23466929142152;5;2020
FIN;16,075751443735;6;2020
FIN;14,7326419429636;7;2020
FIN;13,9586379853439;8;2020
FIN;9,79880525260577;9;2020
FIN;4,76083785028355;10;2020
FJI;24,368508358647;11;2019
FJI;25,8040679765113;12;2019
FJI;25,8873377575776;1;2020
FJI;26,4900488598659;2;2020
FJI;26,195356709159;3;2020
FJI;25,7431600638046;4;2020
FJI;24,8561438761966;5;2020
FJI;24,402901991558;6;2020
FJI;23,7673965067259;7;2020
FJI;24,2626439451009;8;2020
FJI;23,6941197350931;9;2020
FJI;24,5750582317284;10;2020
BLR;4,21017418197044;11;2019
BLR;1,96533167718165;12;2019
BLR;1,1481896046455;1;2020
BLR;1,68614385519256;2;2020
BLR;3,64774161609194;3;2020
BLR;6,76778160226665;4;2020
BLR;11,052214826926;5;2020
BLR;19,6908349556649;6;2020
BLR;18,2999021451205;7;2020
BLR;18,5304740977155;8;2020
BLR;14,6631159324718;9;2020
BLR;10,5747410199818;10;2020
NER;26,5463984961095;11;2019
NER;19,720613741988;12;2019
NER;18,2528572142485;1;2020
NER;20,705833511877;2;2020
NER;27,2029517538951;3;2020
NER;32,4769920573526;4;2020
NER;33,3690055530357;5;2020
NER;34,480313181814;6;2020
NER;32,3261817292245;7;2020
NER;31,0233067885612;8;2020
NER;31,2002440458096;9;2020
NER;29,1643340565208;10;2020
BLZ;25,1197947735555;11;2019
BLZ;23,7505241551512;12;2019
BLZ;24,1205919289094;1;2020
BLZ;25,2079700517685;2;2020
BLZ;25,9001627275384;3;2020
BLZ;28,3438184416229;4;2020
BLZ;28,2348262668953;5;2020
BLZ;27,6238874705377;6;2020
BLZ;27,7023703624569;7;2020
BLZ;27,6828313480827;8;2020
BLZ;27,608196023989;9;2020
BLZ;26,5349515976155;10;2020
MUS;24,5392531015151;11;2019
MUS;26,1004434083071;12;2019
MUS;25,847379130773;1;2020
MUS;25,9421039409093;2;2020
MUS;25,8343136397197;3;2020
MUS;24,6872724043329;4;2020
MUS;23,1972620287971;5;2020
MUS;21,6386578252317;6;2020
MUS;21,0409116095436;7;2020
MUS;20,8133543070321;8;2020
MUS;21,2783391375951;9;2020
MUS;22,9539095563155;10;2020
KWT;20,5738568843004;11;2019
KWT;15,6198669924889;12;2019
KWT;13,8010644290713;1;2020
KWT;15,9429203191876;2;2020
KWT;20,5338752874703;3;2020
KWT;26,3803422866551;4;2020
KWT;32,6817197425652;5;2020
KWT;37,2080277499071;6;2020
KWT;39,7241555191542;7;2020
KWT;37,4214988198768;8;2020
KWT;35,6271256129364;9;2020
KWT;27,681884244402;10;2020
TCD;26,2122646536642;11;2019
TCD;20,9122536937303;12;2019
TCD;19,2982019819804;1;2020
TCD;21,8033322266128;2;2020
TCD;28,1948228075536;3;2020
TCD;31,6619558856655;4;2020
TCD;32,2316899621581;5;2020
TCD;32,5373979407582;6;2020
TCD;30,1552041621185;7;2020
TCD;28,5421433110696;8;2020
TCD;29,6016590520611;9;2020
TCD;28,5493747335528;10;2020
NGA;27,2497216170203;11;2019
NGA;25,0061202754262;12;2019
NGA;24,6827409255911;1;2020
NGA;26,8073882616218;2;2020
NGA;30,1716854080673;3;2020
NGA;30,9997313524809;4;2020
NGA;29,933255192213;5;2020
NGA;28,0879767924384;6;2020
NGA;25,9881149001514;7;2020
NGA;25,4603884832404;8;2020
NGA;25,4438715032456;9;2020
NGA;26,635423006961;10;2020
PER;19,5114403484899;11;2019
PER;19,5402402586811;12;2019
PER;20,031016443813;1;2020
PER;19,9740687738711;2;2020
PER;19,9894751861994;3;2020
PER;19,3435745847019;4;2020
PER;18,6747369805937;5;2020
PER;18,511681705328;6;2020
PER;18,0502603234243;7;2020
PER;18,679118665694;8;2020
PER;19,1460204105048;9;2020
PER;19,6801801654683;10;2020
MWI;25,9461947038397;11;2019
MWI;24,1565837356642;12;2019
MWI;23,41250449735;1;2020
MWI;23,6147051442174;2;2020
MWI;23,2437385232401;3;2020
MWI;23,2153860018938;4;2020
MWI;20,9551980658816;5;2020
MWI;19,1004866891723;6;2020
MWI;17,9573576621573;7;2020
MWI;20,4472466691406;8;2020
MWI;22,6935604459061;9;2020
MWI;25,1704906301014;10;2020
USA;3,70764229212328;11;2019
USA;0,724414883079343;12;2019
USA;0,51556956028414;1;2020
USA;0,521013514889679;2;2020
USA;1,98815928108214;3;2020
USA;2,54398704630754;4;2020
USA;4,14940925948067;5;2020
USA;6,16639444083245;6;2020
USA;8,04673636158524;7;2020
USA;9,20303231980148;8;2020
USA;8,3431314782225;9;2020
USA;6,70038656185723;10;2020
BOL;22,6826796183672;11;2019
BOL;22,119312239058;12;2019
BOL;22,7389194778199;1;2020
BOL;21,965617317603;2;2020
BOL;22,5589606649254;3;2020
BOL;20,8641154171908;4;2020
BOL;18,4248179202127;5;2020
BOL;18,2295504846288;6;2020
BOL;17,7530043046309;7;2020
BOL;19,5196683952656;8;2020
BOL;21,5205107631563;9;2020
BOL;23,4116506746846;10;2020
DNK;6,21161360438414;11;2019
DNK;5,1339911303062;12;2019
DNK;5,75703874879385;1;2020
DNK;4,93904992596429;2;2020
DNK;4,68067984038547;3;2020
DNK;7,82986405724953;4;2020
DNK;10,2919816104976;5;2020
DNK;16,4770069093384;6;2020
DNK;15,0848194490146;7;2020
DNK;18,337933708348;8;2020
DNK;14,3425020091868;9;2020
DNK;10,780137749265;10;2020
URY;21,10605412367;11;2019
URY;22,2504416399869;12;2019
URY;23,5384336966789;1;2020
URY;22,9227742165072;2;2020
URY;23,0729453223574;3;2020
URY;17,8067495164184;4;2020
URY;14,5050293929728;5;2020
URY;12,6816595736682;6;2020
URY;10,4215762148122;7;2020
URY;13,505802924926;8;2020
URY;13,5417768988825;9;2020
URY;16,8890762584954;10;2020
ZAF;22,6367599701576;11;2019
ZAF;22,2318435997722;12;2019
ZAF;23,6685237276542;1;2020
ZAF;23,2574492732829;2;2020
ZAF;21,5335038762309;3;2020
ZAF;17,8374706009341;4;2020
ZAF;14,7956131952894;5;2020
ZAF;11,7453663311236;6;2020
ZAF;11,7026745506855;7;2020
ZAF;12,4957064141415;8;2020
ZAF;16,8459578224258;9;2020
ZAF;20,1361766429672;10;2020
NIC;25,331455264426;11;2019
NIC;24,8779914568128;12;2019
NIC;24,7419022543133;1;2020
NIC;25,527113020485;2;2020
NIC;25,6319853197607;3;2020
NIC;27,4022732064121;4;2020
NIC;27,141566121642;5;2020
NIC;26,0130460019324;6;2020
NIC;26,1359685694153;7;2020
NIC;26,0813116825074;8;2020
NIC;26,261742022797;9;2020
NIC;25,6721421320517;10;2020
DOM;24,516591957193;11;2019
DOM;23,86667454282;12;2019
DOM;23,1797468374232;1;2020
DOM;23,4790058667171;2;2020
DOM;22,9697035141105;3;2020
DOM;25,2698657363546;4;2020
DOM;25,7336703484228;5;2020
DOM;26,3937877370069;6;2020
DOM;26,4476110026584;7;2020
DOM;26,5484012191623;8;2020
DOM;25,8277014849796;9;2020
DOM;25,5171649000264;10;2020
LKA;25,8265004176806;11;2019
LKA;25,2432260437793;12;2019
LKA;25,5967103419071;1;2020
LKA;26,2109593362656;2;2020
LKA;27,4343868509839;3;2020
LKA;27,9804218280991;4;2020
LKA;28,1277694226957;5;2020
LKA;28,2467831326245;6;2020
LKA;27,37570608448;7;2020
LKA;27,7390330827817;8;2020
LKA;26,8645765199803;9;2020
LKA;27,3862695741565;10;2020
SUR;27,4052884037938;11;2019
SUR;25,8825581774112;12;2019
SUR;25,76461678165;1;2020
SUR;25,784206661381;2;2020
SUR;26,6344913926753;3;2020
SUR;26,1298272623591;4;2020
SUR;25,6243869815625;5;2020
SUR;25,5151279616197;6;2020
SUR;26,0674144678494;7;2020
SUR;26,2813904434432;8;2020
SUR;27,1279958358047;9;2020
SUR;28,0407396101005;10;2020
CAF;26,0891071947921;11;2019
CAF;26,3428689621714;12;2019
CAF;26,4410229378119;1;2020
CAF;28,9102639775809;2;2020
CAF;29,8534029659178;3;2020
CAF;28,9749799936109;4;2020
CAF;27,3352186288441;5;2020
CAF;25,6893066680734;6;2020
CAF;24,1991849998696;7;2020
CAF;24,4915877128986;8;2020
CAF;24,448771976445;9;2020
CAF;25,198275143996;10;2020
PHL;26,1153287110587;11;2019
PHL;25,6877260710633;12;2019
PHL;25,3664346108299;1;2020
PHL;25,0353514382365;2;2020
PHL;26,3667406485574;3;2020
PHL;27,3352036760504;4;2020
PHL;27,8521277868864;5;2020
PHL;27,1267950714431;6;2020
PHL;26,8004093718009;7;2020
PHL;26,6348801581283;8;2020
PHL;26,8379377580281;9;2020
PHL;26,1595291962398;10;2020
MYS;25,7430720334556;11;2019
MYS;25,3214082003931;12;2019
MYS;25,9817122167244;1;2020
MYS;25,9076757090199;2;2020
MYS;26,5130523856714;3;2020
MYS;26,6794844049024;4;2020
MYS;26,9109225968329;5;2020
MYS;25,9992450653743;6;2020
MYS;25,6943058366841;7;2020
MYS;26,2633010874285;8;2020
MYS;25,6895466953101;9;2020
MYS;25,7747330561353;10;2020
CAN;-11,7001701123026;11;2019
CAN;-18,7607082484179;12;2019
CAN;-21,79423219533;1;2020
CAN;-21,2912142889139;2;2020
CAN;-16,9987542889464;3;2020
CAN;-8,24001485373801;4;2020
CAN;0,711059320756521;5;2020
CAN;9,43860045890695;6;2020
CAN;14,10188906283;7;2020
CAN;11,9858224103095;8;2020
CAN;5,49341945170449;9;2020
CAN;-2,94331088812939;10;2020
SVK;7,14219517358833;11;2019
SVK;1,57846756480645;12;2019
SVK;-1,27248574702264;1;2020
SVK;3,16962484218738;2;2020
SVK;4,63957945729866;3;2020
SVK;9,36906135238824;4;2020
SVK;11,4817443059761;5;2020
SVK;17,618303140483;6;2020
SVK;18,9222460973307;7;2020
SVK;20,1265125619275;8;2020
SVK;15,2827699929338;9;2020
SVK;9,78412829278418;10;2020
HND;23,2324423935932;11;2019
HND;22,315279807315;12;2019
HND;22,4422054242622;1;2020
HND;23,3338945124891;2;2020
HND;24,0501636410073;3;2020
HND;26,6404664411914;4;2020
HND;25,9050030623598;5;2020
HND;24,952005768557;6;2020
HND;25,1126594310865;7;2020
HND;24,8995064516335;8;2020
HND;25,1007796434163;9;2020
HND;24,172079148408;10;2020
BRA;26,138994287988;11;2019
BRA;25,9654074348687;12;2019
BRA;25,8107016826188;1;2020
BRA;25,5647011048146;2;2020
BRA;25,4954712523464;3;2020
BRA;24,7036875322055;4;2020
BRA;23,6249930293803;5;2020
BRA;23,7511230462795;6;2020
BRA;23,6577633234012;7;2020
BRA;24,6425669906865;8;2020
BRA;26,3451147513932;9;2020
BRA;26,6652892483944;10;2020
SVN;7,68847185013954;11;2019
SVN;3,23923376900984;12;2019
SVN;1,20171722345135;1;2020
SVN;5,39352039314163;2;2020
SVN;6,07439160799886;3;2020
SVN;11,2135266322005;4;2020
SVN;13,9358808241344;5;2020
SVN;17,86143273704;6;2020
SVN;19,9332343536122;7;2020
SVN;20,8410347223726;8;2020
SVN;16,2926691811639;9;2020
SVN;10,6549739477583;10;2020
VEN;25,7908631860044;11;2019
VEN;25,9179201410332;12;2019
VEN;26,2122796796265;1;2020
VEN;26,9890229987322;2;2020
VEN;27,224881685835;3;2020
VEN;27,2791394678028;4;2020
VEN;26,9681386526667;5;2020
VEN;25,4679680045571;6;2020
VEN;25,0090893102725;7;2020
VEN;25,1890154942394;8;2020
VEN;25,6879661673863;9;2020
VEN;25,666673371046;10;2020
SWE;-3,11886907028033;11;2019
SWE;-2,10801389968477;12;2019
SWE;-0,98945424135815;1;2020
SWE;-3,1001442931971;2;2020
SWE;-1,18541479712728;3;2020
SWE;2,32969751218859;4;2020
SWE;5,80407638268454;5;2020
SWE;15,6203014340141;6;2020
SWE;12,9823590330332;7;2020
SWE;14,2030523128735;8;2020
SWE;9,55105077268436;9;2020
SWE;4,8362497175308;10;2020
BRN;26,497583728922;11;2019
BRN;26,1288590777027;12;2019
BRN;26,7065032169594;1;2020
BRN;26,710994479509;2;2020
BRN;26,9555641401628;3;2020
BRN;27,4083650644784;4;2020
BRN;27,6653877712924;5;2020
BRN;26,71446500057;6;2020
BRN;26,4280449388862;7;2020
BRN;27,046205984345;8;2020
BRN;26,5249077696043;9;2020
BRN;26,2077987188684;10;2020
TGO;27,7203369160764;11;2019
TGO;27,3336170576243;12;2019
TGO;27,3573531590197;1;2020
TGO;29,36149657348;2;2020
TGO;30,3131296684163;3;2020
TGO;29,2473525060933;4;2020
TGO;28,3041090672272;5;2020
TGO;26,5604476944337;6;2020
TGO;25,3891845897882;7;2020
TGO;25,2311905866746;8;2020
TGO;25,2748692171066;9;2020
TGO;26,4304329402695;10;2020
THA;25,5604450110343;11;2019
THA;23,3281567964853;12;2019
THA;25,1219820561355;1;2020
THA;25,839863470946;2;2020
THA;28,6295212183595;3;2020
THA;29,1224116535263;4;2020
THA;29,7600559725179;5;2020
THA;28,2556210925876;6;2020
THA;28,109231652009;7;2020
THA;27,2509696899109;8;2020
THA;27,395947439236;9;2020
THA;25,569399477656;10;2020
GAB;25,2265321433119;11;2019
GAB;25,4372200574809;12;2019
GAB;26,1131356510431;1;2020
GAB;26,1206126577226;2;2020
GAB;26,3547894236217;3;2020
GAB;26,1592502824451;4;2020
GAB;25,8917449519786;5;2020
GAB;24,6702516152874;6;2020
GAB;23,908950696145;7;2020
GAB;24,3042396124144;8;2020
GAB;24,6982309974693;9;2020
GAB;24,9784032286387;10;2020
NLD;6,53187253926795;11;2019
NLD;5,95111162559004;12;2019
NLD;6,11755536307752;1;2020
NLD;6,95431840572172;2;2020
NLD;6,70337931817945;3;2020
NLD;10,7538652781676;4;2020
NLD;12,8351367584675;5;2020
NLD;17,2903467186611;6;2020
NLD;16,8820092935862;7;2020
NLD;20,255866135652;8;2020
NLD;15,2863131457602;9;2020
NLD;11,4859099898002;10;2020
SWZ;22,4606301701294;11;2019
SWZ;22,1876893080351;12;2019
SWZ;23,7118028422942;1;2020
SWZ;23,1900977845362;2;2020
SWZ;22,097300112839;3;2020
SWZ;19,9345040513325;4;2020
SWZ;17,3184007777321;5;2020
SWZ;14,6861616226808;6;2020
SWZ;14,8245905003904;7;2020
SWZ;16,8083240070116;8;2020
SWZ;18,2705040615012;9;2020
SWZ;20,2290401091794;10;2020
SYC;26,7828373512919;11;2019
SYC;27,22578749187;12;2019
SYC;27,3243240152554;1;2020
SYC;27,8556539847559;2;2020
SYC;28,1822912610882;3;2020
SYC;27,9846757089071;4;2020
SYC;27,6760034827731;5;2020
SYC;26,7156898903563;6;2020
SYC;25,528907786349;7;2020
SYC;24,942049479872;8;2020
SYC;25,3952450523633;9;2020
SYC;26,4628087782088;10;2020
FRA;6,77859624783196;11;2019
FRA;6,22358908927315;12;2019
FRA;5,2172719162362;1;2020
FRA;7,47895640692372;2;2020
FRA;7,60281153434626;3;2020
FRA;12,7236809794301;4;2020
FRA;15,2328338430934;5;2020
FRA;17,0775101209601;6;2020
FRA;20,4585465006711;7;2020
FRA;21,0298405151301;8;2020
FRA;17,1797314028729;9;2020
FRA;11,0721905015532;10;2020
BTN;7,98848378044069;11;2019
BTN;1,79468868299218;12;2019
BTN;0,514130800852674;1;2020
BTN;2,1199613106212;2;2020
BTN;5,4339881194374;3;2020
BTN;7,53076612115036;4;2020
BTN;11,0671979182978;5;2020
BTN;14,8481118839715;6;2020
BTN;15,5820541782731;7;2020
BTN;16,3523057055241;8;2020
BTN;14,9621333138401;9;2020
BTN;12,6337885861599;10;2020
JOR;16,0125888731611;11;2019
JOR;10,6279055563014;12;2019
JOR;8,11439350919023;1;2020
JOR;10,4936818753562;2;2020
JOR;14,6623300709298;3;2020
JOR;18,6154096728476;4;2020
JOR;24,1581800602915;5;2020
JOR;26,7064671907892;6;2020
JOR;30,6293688708164;7;2020
JOR;28,7042023885395;8;2020
JOR;30,3003448830961;9;2020
JOR;24,2365934394406;10;2020
AFG;4,42415080262346;11;2019
AFG;1,87273096848142;12;2019
AFG;-2,70113119207938;1;2020
AFG;2,73030720764535;2;2020
AFG;6,76974434392585;3;2020
AFG;12,5313308817255;4;2020
AFG;18,7193241285997;5;2020
AFG;23,9250519325699;6;2020
AFG;25,7487490166741;7;2020
AFG;24,9125364002186;8;2020
AFG;18,714854868998;9;2020
AFG;11,4804664908904;10;2020
ECU;21,2788624494246;11;2019
ECU;21,4888868965176;12;2019
ECU;21,9725443963626;1;2020
ECU;22,1454694562442;2;2020
ECU;22,1623951415745;3;2020
ECU;21,7992099384254;4;2020
ECU;21,557573848297;5;2020
ECU;20,8591735171625;6;2020
ECU;20,2558798634871;7;2020
ECU;20,5023796025168;8;2020
ECU;20,7099826179627;9;2020
ECU;21,1481688711186;10;2020
GBR;7,27573103772663;11;2019
GBR;6,49516931452992;12;2019
GBR;6,82844464832112;1;2020
GBR;6,9803963092709;2;2020
GBR;6,88785996888596;3;2020
GBR;10,2242311005267;4;2020
GBR;13,0226306380482;5;2020
GBR;15,5535469099811;6;2020
GBR;16,83981184045;7;2020
GBR;18,6122763567395;8;2020
GBR;15,09938415817;9;2020
GBR;11,2453076313629;10;2020
JPN;8,53469340465666;11;2019
JPN;3,959132493929;12;2019
JPN;2,57792996918553;1;2020
JPN;2,57423987975832;2;2020
JPN;6,44132487541626;3;2020
JPN;8,82017213297408;4;2020
JPN;15,7629493479559;5;2020
JPN;20,0517101949539;6;2020
JPN;21,709740318224;7;2020
JPN;25,3086394831567;8;2020
JPN;21,2358404778664;9;2020
JPN;14,4116306815986;10;2020
TJK;-8,27873979414917;11;2019
TJK;-11,3261140428729;12;2019
TJK;-13,6584967099023;1;2020
TJK;-8,743467086324;2;2020
TJK;-3,89190432593178;3;2020
TJK;0,228142539275296;4;2020
TJK;5,72353907029462;5;2020
TJK;9,77325555486356;6;2020
TJK;12,6657526762579;7;2020
TJK;13,78055054;8;2020
TJK;7,74546298909334;9;2020
TJK;-2,14518397811006;10;2020
UZB;1,44949727417526;11;2019
UZB;2,342380634221;12;2019
UZB;0,045698024044451;1;2020
UZB;4,1393993179805;2;2020
UZB;9,22276786886701;3;2020
UZB;15,0149476313634;4;2020
UZB;23,039351976869;5;2020
UZB;27,6642965531303;6;2020
UZB;29,563232526225;7;2020
UZB;26,0221370085848;8;2020
UZB;18,6860556360604;9;2020
UZB;11,0517269156807;10;2020
AGO;24,1397904481665;11;2019
AGO;23,2227658550352;12;2019
AGO;23,0381954540895;1;2020
AGO;22,9496379418636;2;2020
AGO;22,9929459469638;3;2020
AGO;22,6994993914579;4;2020
AGO;22,4812040353585;5;2020
AGO;20,1321205491462;6;2020
AGO;19,7031441498125;7;2020
AGO;22,0406751572045;8;2020
AGO;23,9354386469488;9;2020
AGO;24,9904854448803;10;2020
BWA;28,2333581495077;11;2019
BWA;27,0548730406156;12;2019
BWA;26,3347496665848;1;2020
BWA;25,6562856627632;2;2020
BWA;24,129244401885;3;2020
BWA;22,3042915541537;4;2020
BWA;17,9017368122625;5;2020
BWA;14,4373027188357;6;2020
BWA;14,1990634045395;7;2020
BWA;17,7335026229183;8;2020
BWA;23,3215738924908;9;2020
BWA;26,4947593576033;10;2020
HRV;10,4232905958284;11;2019
HRV;5,43260406186373;12;2019
HRV;2,33894023182032;1;2020
HRV;7,26180795914463;2;2020
HRV;7,87472853762152;3;2020
HRV;12,3844476789209;4;2020
HRV;15,4652555856943;5;2020
HRV;19,6627348607055;6;2020
HRV;22,0248931910125;7;2020
HRV;23,0401642979812;8;2020
HRV;18,4410189660575;9;2020
HRV;12,8070240247536;10;2020
PNG;23,6448467861491;11;2019
PNG;24,4613391008754;12;2019
PNG;24,5423692552486;1;2020
PNG;24,5723883815836;2;2020
PNG;24,2616076593257;3;2020
PNG;24,175554488556;4;2020
PNG;24,2277667110519;5;2020
PNG;23,643616564734;6;2020
PNG;23,1823008256325;7;2020
PNG;23,158493887091;8;2020
PNG;23,4033993392268;9;2020
PNG;23,5608418786306;10;2020
NOR;-4,27953226279444;11;2019
NOR;-2,71587778467205;12;2019
NOR;-1,93189122779311;1;2020
NOR;-3,23736345085179;2;2020
NOR;-2,10127817410861;3;2020
NOR;0,686363428618002;4;2020
NOR;3,94817347748696;5;2020
NOR;12,662709703752;6;2020
NOR;11,1256176270574;7;2020
NOR;12,0986921893168;8;2020
NOR;8,21409540833055;9;2020
NOR;3,84005435039425;10;2020
KAZ;-4,58734976004559;11;2019
KAZ;-5,23056612722484;12;2019
KAZ;-6,60982173099148;1;2020
KAZ;-3,83928707151454;2;2020
KAZ;1,44389788576187;3;2020
KAZ;11,0483642683657;4;2020
KAZ;19,0807196325482;5;2020
KAZ;21,8814999029578;6;2020
KAZ;24,8835970380556;7;2020
KAZ;21,7608050507763;8;2020
KAZ;14,0938326712223;9;2020
KAZ;6,72631686370853;10;2020
NPL;10,1759121316568;11;2019
NPL;3,29545140115593;12;2019
NPL;2,25012137320668;1;2020
NPL;5,1301364273009;2;2020
NPL;8,77631910191644;3;2020
NPL;12,517437320395;4;2020
NPL;15,5076284825129;5;2020
NPL;18,2968699838458;6;2020
NPL;19,12802638043;7;2020
NPL;19,8343606749872;8;2020
NPL;18,486848392889;9;2020
NPL;15,6449893881897;10;2020
CHE;1,23779345312083;11;2019
CHE;-0,383137262688889;12;2019
CHE;-2,08693387718019;1;2020
CHE;1,06298013415792;2;2020
CHE;1,66579341528651;3;2020
CHE;7,64277399156738;4;2020
CHE;10,105514363678;5;2020
CHE;12,405878320535;6;2020
CHE;15,8457038529049;7;2020
CHE;15,4503471188212;8;2020
CHE;12,0558804615836;9;2020
CHE;5,37123637005719;10;2020
HTI;25,1096558878256;11;2019
HTI;24,8570833565306;12;2019
HTI;24,0800090407993;1;2020
HTI;24,6465271313689;2;2020
HTI;23,9646531867175;3;2020
HTI;26,1172653345631;4;2020
HTI;26,5889499307303;5;2020
HTI;27,1599907702453;6;2020
HTI;27,4743990898729;7;2020
HTI;27,5391805144033;8;2020
HTI;26,6672416585144;9;2020
HTI;26,537859367266;10;2020
MAR;14,4164420178872;11;2019
MAR;12,0944599976336;12;2019
MAR;9,79281810814716;1;2020
MAR;15,0252136014799;2;2020
MAR;14,9884879830524;3;2020
MAR;17,2825845712478;4;2020
MAR;21,9471517717581;5;2020
MAR;24,3437397788467;6;2020
MAR;29,3602527963775;7;2020
MAR;28,4960005312986;8;2020
MAR;25,4207689723209;9;2020
MAR;19,5611225425904;10;2020
TLS;27,278605750231;11;2019
TLS;27,7121386377912;12;2019
TLS;26,7963484136859;1;2020
TLS;26,7165361293752;2;2020
TLS;26,5303103101245;3;2020
TLS;26,6323353355252;4;2020
TLS;26,2337147558242;5;2020
TLS;25,3892125056806;6;2020
TLS;24,6782199216376;7;2020
TLS;25,132827416621;8;2020
TLS;25,785385681864;9;2020
TLS;26,7548101520225;10;2020
GEO;3,83023541608817;11;2019
GEO;0,965301036826438;12;2019
GEO;-2,4891728910968;1;2020
GEO;-1,14703612767699;2;2020
GEO;5,37224878217767;3;2020
GEO;5,66207351063298;4;2020
GEO;12,2384540895562;5;2020
GEO;18,1004341642238;6;2020
GEO;20,2444259284656;7;2020
GEO;17,5655129407981;8;2020
GEO;17,1956218448634;9;2020
GEO;11,9316803512924;10;2020
POL;6,26217588183552;11;2019
POL;3,16374379536807;12;2019
POL;2,27683848003503;1;2020
POL;3,95445501152055;2;2020
POL;4,5409110471534;3;2020
POL;8,7855325321194;4;2020
POL;11,1945248331134;5;2020
POL;18,0758596557921;6;2020
POL;18,3703169268698;7;2020
POL;19,8995054905271;8;2020
POL;15,1098935548474;9;2020
POL;10,5210521352282;10;2020
IDN;26,0387582486942;11;2019
IDN;25,7511052848088;12;2019
IDN;25,898208219632;1;2020
IDN;25,8816862038918;2;2020
IDN;25,9543162880827;3;2020
IDN;25,9761214795662;4;2020
IDN;26,1881932157884;5;2020
IDN;25,4553271633905;6;2020
IDN;25,0469974404624;7;2020
IDN;25,4633148692799;8;2020
IDN;25,4018813073851;9;2020
IDN;25,6161618459337;10;2020
CHL;10,7687061438302;11;2019
CHL;12,3369765148668;12;2019
CHL;13,336027455292;1;2020
CHL;13,3028792352925;2;2020
CHL;12,7164399239835;3;2020
CHL;10,2342075150818;4;2020
CHL;8,03845378232543;5;2020
CHL;4,35972913995021;6;2020
CHL;3,31592560491327;7;2020
CHL;4,71573226290574;8;2020
CHL;6,61888541443563;9;2020
CHL;8,65684699166029;10;2020
CHN;0,355852313725326;11;2019
CHN;-6,63651270750989;12;2019
CHN;-7,33630600431538;1;2020
CHN;-3,52771225247116;2;2020
CHN;2,56393408202761;3;2020
CHN;8,17519789101174;4;2020
CHN;14,0611415590174;5;2020
CHN;17,9925422407417;6;2020
CHN;20,0092140819355;7;2020
CHN;19,3906111217637;8;2020
CHN;14,8668593540195;9;2020
CHN;7,53569080648935;10;2020
HUN;9,29843232837134;11;2019
HUN;3,65176711369314;12;2019
HUN;-0,475516216216591;1;2020
HUN;5,73439357527876;2;2020
HUN;7,17478092052874;3;2020
HUN;12,0905427507456;4;2020
HUN;14,7489088280051;5;2020
HUN;20,0390578753739;6;2020
HUN;21,5748712859298;7;2020
HUN;22,955901071896;8;2020
HUN;18,1868793296629;9;2020
HUN;12,1079417377019;10;2020
EGY;20,6492376820168;11;2019
EGY;14,6110501542678;12;2019
EGY;11,8090728321675;1;2020
EGY;14,3650952960632;2;2020
EGY;18,6994369978152;3;2020
EGY;22,3047782808646;4;2020
EGY;27,1072085836575;5;2020
EGY;29,7131724689313;6;2020
EGY;30,5164153904111;7;2020
EGY;30,9076801849891;8;2020
EGY;30,0776292224103;9;2020
EGY;26,2335438678214;10;2020
ROU;8,97884480846308;11;2019
ROU;2,51627739870326;12;2019
ROU;-0,529151549400854;1;2020
ROU;3,48521683088245;2;2020
ROU;6,43847854728616;3;2020
ROU;10,0755696358847;4;2020
ROU;13,7806814389433;5;2020
ROU;19,137341732936;6;2020
ROU;20,8732390563065;7;2020
ROU;21,7782378246454;8;2020
ROU;18,1258649556339;9;2020
ROU;12,3434210090079;10;2020
MDA;8,10309663184206;11;2019
MDA;3,04359516089103;12;2019
MDA;0,802258579249102;1;2020
MDA;3,94492395505932;2;2020
MDA;7,58011168111056;3;2020
MDA;11,1070943284784;4;2020
MDA;14,1150088660049;5;2020
MDA;21,4168037132593;6;2020
MDA;23,0428870303401;7;2020
MDA;23,392129680082;8;2020
MDA;19,6078546886782;9;2020
MDA;14,2430897515473;10;2020
CIV;27,0880075884016;11;2019
CIV;26,7834673016033;12;2019
CIV;26,6694284779033;1;2020
CIV;28,598876694383;2;2020
CIV;29,0180847285778;3;2020
CIV;28,3938952690524;4;2020
CIV;27,7472776791029;5;2020
CIV;26,2693714468776;6;2020
CIV;25,1476243724143;7;2020
CIV;24,9146338373083;8;2020
CIV;25,2398976901602;9;2020
CIV;26,1627355911142;10;2020
GHA;28,3283804675834;11;2019
GHA;28,2313864588132;12;2019
GHA;28,2611076260995;1;2020
GHA;30,0970510726249;2;2020
GHA;30,4278318032958;3;2020
GHA;29,6154727993805;4;2020
GHA;28,9092709102732;5;2020
GHA;27,1495730724176;6;2020
GHA;26,0058586981786;7;2020
GHA;25,8396971059407;8;2020
GHA;26,0504486118083;9;2020
GHA;27,019971326474;10;2020
MDG;25,2190995394986;11;2019
MDG;25,645206121796;12;2019
MDG;24,8955399610254;1;2020
MDG;25,2510906851515;2;2020
MDG;24,779089739454;3;2020
MDG;23,784319946943;4;2020
MDG;21,7940484524685;5;2020
MDG;20,0839611713052;6;2020
MDG;19,1125177161393;7;2020
MDG;20,4341445594462;8;2020
MDG;21,9509951946439;9;2020
MDG;23,9617232466968;10;2020
KEN;24,7225658815585;11;2019
KEN;24,9180400527761;12;2019
KEN;25,976650459167;1;2020
KEN;26,8036000743125;2;2020
KEN;26,9369640515839;3;2020
KEN;25,7141593214694;4;2020
KEN;25,5273391527888;5;2020
KEN;24,7527655451743;6;2020
KEN;24,0108319958251;7;2020
KEN;24,2256573301939;8;2020
KEN;24,8782264459526;9;2020
KEN;25,9467777835143;10;2020
ALB;11,6319576254405;11;2019
ALB;6,25779191631666;12;2019
ALB;3,42087203439456;1;2020
ALB;6,025872362577;2;2020
ALB;8,2091023076954;3;2020
ALB;11,0377130713003;4;2020
ALB;15,906615946912;5;2020
ALB;18,373612025844;6;2020
ALB;22,4768907356193;7;2020
ALB;22,8617102767983;8;2020
ALB;20,0697359865189;9;2020
ALB;13,6637412153572;10;2020
VNM;22,4776117929561;11;2019
VNM;19,9954360271719;12;2019
VNM;20,9281367995876;1;2020
VNM;21,1099840269892;2;2020
VNM;24,1408943871238;3;2020
VNM;24,0178131540971;4;2020
VNM;27,8518168941142;5;2020
VNM;27,8056677132152;6;2020
VNM;27,4922430941816;7;2020
VNM;26,6355847904012;8;2020
VNM;26,3345131260979;9;2020
VNM;23,5889002442376;10;2020
DZA;17,544047407022;11;2019
DZA;14,7301305559602;12;2019
DZA;12,2163341564217;1;2020
DZA;16,5726936868039;2;2020
DZA;19,6469224306219;3;2020
DZA;25,1002926672605;4;2020
DZA;29,6085079129641;5;2020
DZA;33,0961692878708;6;2020
DZA;34,1391174207562;7;2020
DZA;34,0642507759458;8;2020
DZA;30,6790143341675;9;2020
DZA;25,1702062015818;10;2020
LTU;4,82995883942602;11;2019
LTU;2,49225806252862;12;2019
LTU;2,67411558771966;1;2020
LTU;2,27729456019136;2;2020
LTU;3,26714611292822;3;2020
LTU;6,52828402718654;4;2020
LTU;10,2581356171778;5;2020
LTU;18,8465111923385;6;2020
LTU;17,1667735908978;7;2020
LTU;18,1201434372417;8;2020
LTU;14,7276933085735;9;2020
LTU;10,0647815435225;10;2020
PRT;11,9410996026466;11;2019
PRT;10,6502883608584;12;2019
PRT;8,92428117246252;1;2020
PRT;12,0744394358888;2;2020
PRT;12,2174232639515;3;2020
PRT;13,7049646803729;4;2020
PRT;18,7931214411438;5;2020
PRT;19,2471060077362;6;2020
PRT;24,9401768778636;7;2020
PRT;22,1611853409289;8;2020
PRT;20,8423738316927;9;2020
PRT;15,0723808530607;10;2020
ZMB;25,5930982626058;11;2019
ZMB;23,6461894454914;12;2019
ZMB;22,801617991205;1;2020
ZMB;22,6004153202378;2;2020
ZMB;22,4273941148804;3;2020
ZMB;22,3704551499871;4;2020
ZMB;20,5611350173792;5;2020
ZMB;18,4679121066062;6;2020
ZMB;17,5885737932848;7;2020
ZMB;21,0399941013626;8;2020
ZMB;24,1358127159392;9;2020
ZMB;26,390408678198;10;2020
SAU;21,5829628481464;11;2019
SAU;17,7423682499972;12;2019
SAU;14,7555676583826;1;2020
SAU;18,1208847959231;2;2020
SAU;22,0626586120746;3;2020
SAU;27,1687008043369;4;2020
SAU;31,5723757959207;5;2020
SAU;34,3686556899752;6;2020
SAU;36,1696342984718;7;2020
SAU;34,8969171942331;8;2020
SAU;33,0516900444084;9;2020
SAU;26,7919654867239;10;2020
PRY;28,5384187945073;11;2019
PRY;26,8814946000636;12;2019
PRY;28,5044000352275;1;2020
PRY;27,735906650625;2;2020
PRY;28,4353335741556;3;2020
PRY;23,9520639640818;4;2020
PRY;20,2326857173075;5;2020
PRY;20,7834022980035;6;2020
PRY;19,2718190076485;7;2020
PRY;22,1696922788784;8;2020
PRY;24,3699408309424;9;2020
PRY;27,6106122639686;10;2020
LVA;3,8931798981767;11;2019
LVA;2,4256958695724;12;2019
LVA;2,76317426861302;1;2020
LVA;2,0087603514052;2;2020
LVA;2,75944587601804;3;2020
LVA;5,58543852724358;4;2020
LVA;9,64139243821609;5;2020
LVA;18,3909520957274;6;2020
LVA;16,5050516107984;7;2020
LVA;17,0309483703406;8;2020
LVA;14,2046303281516;9;2020
LVA;9,60578518399157;10;2020
GIN;26,2962945996387;11;2019
GIN;25,7836170883564;12;2019
GIN;25,6438777853143;1;2020
GIN;28,100845640803;2;2020
GIN;29,5459530998209;3;2020
GIN;29,416937520274;4;2020
GIN;28,3854509359184;5;2020
GIN;26,1426907811558;6;2020
GIN;24,4994754759975;7;2020
GIN;24,3091557609969;8;2020
GIN;24,6158787212685;9;2020
GIN;25,7141109308253;10;2020
MEX;18,725699985815;11;2019
MEX;15,9441805657657;12;2019
MEX;15,8170412778154;1;2020
MEX;17,0159389048229;2;2020
MEX;20,3663025589122;3;2020
MEX;23,0033532395229;4;2020
MEX;24,6940756324577;5;2020
MEX;25,50677731304;6;2020
MEX;25,6567691121372;7;2020
MEX;25,8143496091392;8;2020
MEX;23,8355683180907;9;2020
MEX;22,3264489516197;10;2020
LUX;4,72233241603984;11;2019
LUX;4,15493835860885;12;2019
LUX;3,75047626598686;1;2020
LUX;5,2105448911921;2;2020
LUX;5,76811472189129;3;2020
LUX;11,5522076111832;4;2020
LUX;12,6356634567773;5;2020
LUX;16,119250008861;6;2020
LUX;17,9245742351495;7;2020
LUX;20,2459853580429;8;2020
LUX;15,7118198441984;9;2020
LUX;9,91228847736796;10;2020
KGZ;-6,60410237220869;11;2019
KGZ;-9,83368150537088;12;2019
KGZ;-12,6129172013448;1;2020
KGZ;-7,43758080548923;2;2020
KGZ;-2,89311684821344;3;2020
KGZ;3,15899975164715;4;2020
KGZ;7,85179461011755;5;2020
KGZ;9,57746559050679;6;2020
KGZ;11,9619273430503;7;2020
KGZ;12,0680940931761;8;2020
KGZ;6,48718338489154;9;2020
KGZ;-1,39627441363108;10;2020
KHM;26,2660415513587;11;2019
KHM;25,3681105256438;12;2019
KHM;26,6912189783578;1;2020
KHM;27,1352238834265;2;2020
KHM;29,6619446810101;3;2020
KHM;29,6606609830723;4;2020
KHM;30,0338541526793;5;2020
KHM;28,3525324588144;6;2020
KHM;28,0815982636806;7;2020
KHM;27,6608477819886;8;2020
KHM;27,4394990293201;9;2020
KHM;25,8927809556651;10;2020
